           accion               ,   comando                 ,alguna opcion
           ------,   -------,-------------
iformacion sobre discos,df -h
grep recursivo,grep -R "string" /
list files by size,ls -lhS
list proceses,ps -e
list only directories,ls -d */
change promt,export PS1="\u:\w\$ "
list only files with find,find . -maxdepth 1 -type f
list only files with ls,ls -l | grep -v '^d'
list not matching2,shopt -s extglob; ls !(PATTERN)
list not matching,ls -1|gredup -v '\.'
tama√±o ocupado por actual directorio,du -sh
borrar recursivamente archivos no directorios,find dir -type f -print0 | xargs -0 rm
borrar recursivamente todo .txt,find . -type f -iname "*\.txt" -print0 | xargs -0 rm
habilita "negative woldcards" como !(*.pdf) ,shopt -s extglog
